id;sr_no;uid;qsf;rev;date;customer_name;contact_name;phone;email;overall_project_risk_evaluation;assessment_date;re_assessment_date;project_name;project_information;project_manager;project_requirement;length_of_project;new_mold;transfer_mold;contact_review_date;created_by;created_date;updated_by;updated_date
1;12544;9133ed93-922a-482a-8b83-ff279e90dde2;ick distinct who;government huzzah gosh;2025-01-07T10:30:38;stale priesthood;hidden gah overreact;976.442.2366 x986;Amelia_Jones86@yahoo.com;onto;2025-01-07T02:27:54;2025-01-07T14:56:41;sand torn;before;resource wonderfully;blah wildly now;vamoose;yum fairly elliptical;why swear;2025-01-06;inside anti gosh;2025-01-06T18:26:04;ah ham;2025-01-07T01:00:06
2;26494;fd32d259-4eaa-48a5-a006-4685fbfe999e;filter in;though;2025-01-07T17:55:14;bleach;impartial boldly;1-217-757-0029;Alfred51@yahoo.com;request;2025-01-07T12:55:58;2025-01-06T23:24:21;whether blind whoever;until daintily nor;task once;plus;without nervous veg;if a;gosh same now;2025-01-07;zowie nor;2025-01-07T08:44:33;agitated whereas;2025-01-07T01:19:47
3;5617;ee0103fb-2673-40ac-b33d-373ae34e490f;gad;request by;2025-01-07T09:41:53;strictly forsaken;provided;1-545-563-4644;Rickie6@gmail.com;hypothesise brr;2025-01-07T17:49:20;2025-01-07T09:41:59;dicker somber now;while archaeology;er grimy huzzah;bidet seriously;synergy;apud prejudge psst;showy;2025-01-07;misreport whose lively;2025-01-07T08:20:15;analogy offensively fireplace;2025-01-07T14:56:26
4;26765;503375e6-69f6-42e9-8494-bf57291a773f;obscure;naturally unconscious late;2025-01-07T02:38:23;acquaintance phew;amused monasticism inasmuch;417-964-3050 x41317;Damion_Upton42@yahoo.com;ugh;2025-01-07T05:37:55;2025-01-07T10:18:44;pfft joyously;deliberately;fax;near aw generously;calculus ignite always;sardonic;boggle substantiate warp;2025-01-06;smarten strange;2025-01-06T23:37:35;vice joyously furthermore;2025-01-07T01:28:18
5;17671;dde2b90c-c323-46ac-b81c-63d2eaa5b486;gadzooks coin amused;likewise tasty after;2025-01-07T04:12:29;tensely striking inside;triumphantly;733-327-6593 x42847;Beau74@hotmail.com;even alert;2025-01-06T23:20:45;2025-01-06T20:24:07;monster grumpy french;hence an;around;playfully beside restructure;blindly approximate intensely;wisely;but rightfully;2025-01-07;below thoroughly;2025-01-06T20:56:06;bump;2025-01-07T07:31:50
6;12125;9754fafc-4010-4f62-8bcd-7cf575485fdd;which;fluff awareness;2025-01-06T19:58:33;while unnecessarily mosh;archive despite mmm;343.773.3707 x10825;Maximilian64@gmail.com;huzzah likewise huge;2025-01-07T11:32:46;2025-01-07T15:42:38;unexpectedly eventually duh;lively inasmuch;zowie anenst gosh;softly;other that;confute undergo hungry;descendant until;2025-01-07;bungalow;2025-01-07T06:56:29;eyeliner;2025-01-07T03:12:50
7;31091;64be8ed0-4f7c-45c5-a65c-206e495ec1f2;as;provided;2025-01-07T15:42:32;aw impostor yet;drug untried whenever;1-540-489-8025;Vickie_Collins@gmail.com;um oof uh-huh;2025-01-07T15:26:41;2025-01-07T11:55:36;bouncy shred ha;astride;ah;chapel;gown pharmacopoeia;fooey;beyond as;2025-01-07;sightseeing;2025-01-06T19:24:45;axe yowza;2025-01-06T20:57:49
8;26333;a88db2c3-dde3-4fd6-a44d-ba433f8d53d3;along;famously boohoo;2025-01-07T04:24:19;for creative;lawful;881.761.0699;Emanuel.Adams62@hotmail.com;yuck above ack;2025-01-07T16:45:45;2025-01-06T18:15:48;rowdy um;armchair collaboration deliberately;flood;yahoo save mobilize;incidentally likely;morning through;meaningfully;2025-01-06;corrupt because meh;2025-01-07T01:28:00;inasmuch while deeply;2025-01-07T12:12:55
9;21276;3f0d17d0-9a04-4db0-a85a-5d2a910897a4;fine;provided usable gosh;2025-01-07T13:19:28;toothbrush earth triumphantly;phew reluctantly swiftly;766-652-8582 x21620;Candida.Balistreri-Fay@yahoo.com;truthfully;2025-01-07T14:13:11;2025-01-06T22:22:05;so best-seller;submitter;although canter swanling;aha beside labourer;scuffle;bah;lovely ample;2025-01-07;atop dial ascribe;2025-01-07T06:58:12;which;2025-01-06T22:48:08
10;2535;cb974641-608d-44ab-bfc1-efb2c8d2c17f;bah;bah;2025-01-07T17:33:25;innocently next;usefully scholarship;304.965.4852 x3402;Lonzo3@yahoo.com;um;2025-01-07T12:12:58;2025-01-07T07:29:30;fondly faithfully;drug woot gee;versus;obnoxiously;to what;usually;crest er;2025-01-07;seemingly but readily;2025-01-07T05:49:02;shovel;2025-01-07T08:41:09
