id;sr_no;uid;project_consideration;choice;comments;created_by;created_date;updated_by;updated_date
1;7890;f5cbb142-2970-4a83-b953-83eaebc84056;even longingly;29466;whenever;overconfidently hassle enroll;2025-01-06T21:15:55;provided;2025-01-07T14:56:00
2;9054;4b961dbe-6247-44b2-a738-8f51c717679f;within;10460;sediment ice-cream;mmm;2025-01-06T22:27:30;towards passport immediately;2025-01-06T23:21:23
3;17010;67c9dd27-239c-4147-8fa2-1769324f9451;round which freely;28217;dearly yowza;meanwhile what;2025-01-07T09:55:36;finally zowie;2025-01-06T19:12:38
4;13447;c766c0d6-3c7b-4da3-b895-a79542701c47;whoa blond statement;24627;concentration apud;barring unlucky quarrelsomely;2025-01-06T18:16:47;academics gosh e-mail;2025-01-07T02:01:02
5;5296;e93fa047-a496-40ae-9205-b4b289ad5fea;well-groomed;9150;never armchair behind;airport;2025-01-06T18:22:57;hm down;2025-01-06T20:19:40
6;19382;0525e9b8-6e8a-4d56-ab34-8a492205c3ff;onto ill-fated noxious;19159;jogging;camouflage excepting bitter;2025-01-06T19:06:04;twist;2025-01-07T12:37:29
7;7533;5dfa7b93-5e87-4ad3-a7a3-53d4f4bec89d;heavy sans judgementally;4509;although on list;homeschool store;2025-01-07T14:01:35;uh-huh;2025-01-07T03:24:44
8;17296;fe600432-0627-4cea-9a1d-ea441af8fd02;so;26883;dispose pleased privilege;now;2025-01-07T05:48:37;saw save pish;2025-01-07T04:49:33
9;10139;8186864d-ea51-48ad-973e-867e1a93b74d;character father;13628;gnaw accentuate;busily;2025-01-07T17:02:37;faint;2025-01-07T15:16:25
10;27789;a3394111-03c1-478a-bb00-dffb750da182;er rarely while;32355;viability amidst;rule disclosure unlike;2025-01-07T02:54:10;cram bonfire;2025-01-06T20:59:52
