id;sr_no;uid;comments;created_by;created_date;updated_by;updated_date
1;29842;efd452db-da01-4677-bb27-88a201fe2ff8;wallop;likewise puff psst;2025-01-07T04:50:25;how testimonial provided;2025-01-07T06:09:26
2;19456;976b216e-f476-4873-b1df-4a056df50c64;for mmm;decongestant astride;2025-01-07T08:28:51;babushka disloyal whereas;2025-01-07T10:33:12
3;27888;97dda602-6cdb-4de6-b54a-88c343036052;perfection;ugh oval orderly;2025-01-07T17:21:08;after unlike solidly;2025-01-07T13:24:38
4;831;52aaa36e-adbf-4138-a9fa-1060a39cfc68;mmm those;jut judicious;2025-01-07T03:21:12;dull veto;2025-01-07T05:31:30
5;22711;fde35223-1438-4370-b1df-ca911c889bd4;ugh next jovially;shoot why;2025-01-07T13:47:31;down versus;2025-01-07T07:30:33
6;8816;29d584b7-23a4-415d-889d-d4f66330baff;vast remorseful draw;near slipper definite;2025-01-07T13:40:52;huzzah intrigue;2025-01-06T19:21:41
7;21616;794e50b3-3902-4eb3-be4c-b1600b0374ab;to drat save;slip for pfft;2025-01-06T21:44:57;ew;2025-01-07T16:14:40
8;12921;86647513-d038-494c-abcc-c43618d95bf7;gradient up sorrowful;concerning shameless stable;2025-01-06T23:07:13;repentant motivate;2025-01-07T05:01:11
9;1883;03bb3609-8d4b-483d-85d2-9f189f0e3ff6;after through toward;unto hammock;2025-01-07T11:37:44;slink after parody;2025-01-07T09:59:53
10;16082;3d4fb637-442a-4f65-bc94-2f1a9ab5b2b3;gurn;like;2025-01-07T07:05:02;now angrily;2025-01-07T12:10:38
