id;sr_no;uid;contract_number;revision;review_date;created_by;created_date;updated_by;updated_date
1;13560;6b2007b8-279c-4c73-8d62-6f60849028be;yum thoroughly;what;2025-01-06;deselect drat furthermore;2025-01-07T11:42:38;early fooey;2025-01-07T15:56:10
2;23071;ec53ce77-b185-468b-a480-b36c88a669d5;quickly;republican apprehensive;2025-01-07;mothball;2025-01-07T09:47:10;although because;2025-01-07T07:28:28
3;19315;83bd3d65-4352-40aa-a8da-c6958e0e151b;inscribe gruesome overvalue;until tensely;2025-01-06;synergy across;2025-01-06T22:51:58;although;2025-01-07T14:38:28
4;23660;3cabadab-6af6-4de5-b9d0-6b682254681c;whose new;gah encouragement;2025-01-06;till crossly;2025-01-07T04:17:15;squiggly atop;2025-01-07T07:25:59
5;12574;bc5a34a4-3ba0-4d38-8f1f-b219d4c76b42;aboard;in ah;2025-01-07;only arrogantly nicely;2025-01-07T03:29:22;only once beret;2025-01-06T18:52:26
6;17289;33aeaa71-78f2-4c1f-aae6-f5b44148de01;colorful;repurpose doubtfully hm;2025-01-07;knavishly save effector;2025-01-07T07:09:30;hubris because;2025-01-07T10:13:19
7;3800;7ea78fa6-817a-4dfa-bdaa-753c9ee1390d;repurpose rosin;spellcheck part;2025-01-07;circa;2025-01-07T10:30:35;quarrelsomely;2025-01-07T08:59:34
8;32128;849c3b34-fac0-4f9f-944a-0a80e90c2110;now hastily corral;farmer honestly lucky;2025-01-07;than or;2025-01-07T16:19:24;midst bravely helpful;2025-01-07T16:37:42
9;20028;301f528e-d8d8-47b9-a89d-79ca46182eac;likely sorrowful or;supposing overvalue;2025-01-07;zowie adventurously;2025-01-07T16:23:01;squiggly;2025-01-07T04:24:42
10;6109;dfe6bee9-5fe4-402a-9855-4dff32a0ac6c;agreeable irritably;till geez yellow;2025-01-07;conclude wing joy;2025-01-07T02:20:00;where;2025-01-06T20:19:09
