id;sr_no;uid;terms_conditions;created_by;created_date;updated_by;updated_date
1;17580;a705a7df-9294-40b9-94cc-6d6a3c1aad45;towards;yuck put exasperation;2025-01-06T20:53:32;yet;2025-01-07T08:52:16
2;20130;92696af3-a707-4175-8733-bbd263038a06;thorough;culture lanky;2025-01-07T01:13:31;merrily;2025-01-06T21:11:45
3;25475;bd30c52a-a86e-4ab5-907a-80223bdf503d;biodegrade edge;jaunty gah;2025-01-07T01:57:17;inasmuch ingratiate consequently;2025-01-07T17:16:38
4;16915;d1d3f348-84e5-410b-bf69-8591e16d7fb4;gee;vice round;2025-01-07T01:46:28;substantiate geez;2025-01-07T13:15:19
5;5436;2e3b381d-f8e0-4bbc-b20b-55e6777c4415;past expansion now;croon;2025-01-07T14:14:48;grade actually clueless;2025-01-06T18:47:29
6;10378;bfdbb0d6-619a-477c-b185-5bcf99bd498e;whoa;redound forearm;2025-01-07T00:49:36;onto;2025-01-07T11:36:15
7;19758;1b8bdcb9-24ec-4c40-8f84-09985afbb6c7;eek terribly;drat;2025-01-07T00:19:00;tomorrow likely softly;2025-01-06T21:39:07
8;26383;464b0d5d-6282-4edf-b71b-e7893b67ec64;round oof;but;2025-01-06T22:27:21;before decouple shanghai;2025-01-06T23:33:18
9;22700;eec09a7f-ff11-4b7c-ba03-d612ede5d65b;inculcate;unless;2025-01-07T18:06:04;instead physically;2025-01-06T21:01:08
10;6335;cbe81377-35bc-4dfc-954c-d0b66ab5eef9;oh so ectoderm;skean supposing fencing;2025-01-07T09:26:41;elegantly mushy because;2025-01-07T04:43:31
