id;sr_no;uid;approved_by;approval_date;program_manager;engineering;quality;materials;plant_manager;created_by;created_date;updated_by;updated_date
1;30733;96342f8f-4af2-4c44-a203-079f8ea44277;vanish;2025-01-07;swathe boohoo;but;among;always indeed neck;but mediocre;oh;2025-01-07T04:57:59;ack hm;2025-01-07T02:46:47
2;17513;38f82cd0-92eb-45ef-b52e-08e049563d7d;solidly;2025-01-07;completion;drat infatuated;excitable brr;awesome stool fatal;but unsung;hm yet;2025-01-06T23:09:19;nor;2025-01-07T04:03:07
3;8759;7a55ce41-e1dc-4152-92db-5e1f1a9e4fec;meh phew slake;2025-01-07;likely forager tray;silently;favorite;shore bravely second-hand;meh solemnly;whenever;2025-01-07T04:23:02;easily ditch raw;2025-01-06T19:32:22
4;14011;c3f8c7e7-987c-4216-8064-a98a52133f52;phooey plastic mmm;2025-01-07;travel fully urgently;boo superb arcade;er suckle;after lobster;after incinerate;afore;2025-01-07T02:44:19;ah wearily;2025-01-07T07:59:49
5;511;da1e38fa-ddb1-4748-b97c-caffecf3ebd2;atop since;2025-01-06;institute tennis far;cruelly;whose until duh;physically develop;vice schematise;including rusty busily;2025-01-07T15:30:11;bah;2025-01-07T05:21:33
6;25047;a4ced084-a248-4fe3-be42-e45d038b808c;whereas quick-witted;2025-01-07;gee dreamily;a forgery down;yippee yippee;yieldingly ripe;rigidly yum gosh;confide if;2025-01-06T21:57:23;augment;2025-01-07T01:52:11
7;22978;9d7ea257-32bd-4603-b126-8a7da1ac043b;unnecessarily unripe fondly;2025-01-06;frightfully ha lest;around;narrate once;whenever physically;meh pish ew;valuable;2025-01-06T21:49:21;fog;2025-01-07T06:03:59
8;10270;26e33e6e-0aeb-4768-8bcc-723d7aef20e7;after if yum;2025-01-06;jealous;hastily unbearably whereas;besides modulo ravioli;whenever possible;tuba;indeed hourly;2025-01-07T15:35:40;circulate tectonics worriedly;2025-01-07T03:49:21
9;32327;90bc7ca5-067b-4084-9861-a2bed4da33bc;carp hollow lest;2025-01-07;colligate;slump ick thoughtfully;smoke;times because surprised;showy along forenenst;portray;2025-01-07T17:26:13;beneath distinction;2025-01-07T10:36:13
10;7258;54cb6d66-c6d0-4434-8d42-58888b906d67;hefty considering admonish;2025-01-07;besides beside;bitterly until;boohoo;selfishly;wrongly indeed;optimal equally;2025-01-07T06:53:45;instructive;2025-01-07T00:32:38
